{
  "id": "3809822",
  "name": "bs",
  "font_family": "iconfont",
  "css_prefix_text": "icon-",
  "description": "",
  "glyphs": [
    {
      "icon_id": "5035158",
      "name": "台灯",
      "font_class": "taideng",
      "unicode": "e627",
      "unicode_decimal": 58919
    },
    {
      "icon_id": "5387798",
      "name": "温湿度传感器_o",
      "font_class": "wenshiduchuanganqi_o",
      "unicode": "eb5b",
      "unicode_decimal": 60251
    },
    {
      "icon_id": "5982854",
      "name": "开关",
      "font_class": "kaiguan",
      "unicode": "ec76",
      "unicode_decimal": 60534
    },
    {
      "icon_id": "14914979",
      "name": "Ⅲ门-门锁-开",
      "font_class": "men-mensuo-kai-05",
      "unicode": "e628",
      "unicode_decimal": 58920
    }
  ]
}
